Topic,Description
What is diabetes?,"Diabetes is a chronic condition that affects how the body processes glucose (sugar). It occurs when the body cannot produce enough insulin or the insulin it produces is ineffective in regulating blood sugar. Insulin is a hormone produced by the pancreas that helps glucose enter the cells of the body for energy. Without sufficient insulin, glucose builds up in the bloodstream, leading to high blood sugar levels. Over time, uncontrolled diabetes can cause serious health complications such as heart disease, kidney damage, nerve damage, and vision problems. Proper management and treatment of diabetes are essential to preventing these complications and maintaining a good quality of life. Early detection, lifestyle changes, and medication are key factors in effectively managing the disease."
What are the different types of diabetes?,"Diabetes is categorized into two main types: Type 1 and Type 2. Type 1 diabetes is an autoimmune condition where the body’s immune system attacks and destroys the insulin-producing cells in the pancreas, leading to little or no insulin production. It typically develops in children or young adults and requires lifelong insulin therapy. Type 2 diabetes, on the other hand, occurs when the body becomes resistant to insulin or does not produce enough insulin to meet the body’s needs. It is more common in adults, particularly those who are overweight, inactive, or have a family history of the disease. While Type 1 is not preventable, Type 2 can often be prevented or delayed through lifestyle changes, including diet and exercise."
What are the symptoms of diabetes?,"The symptoms of diabetes can vary depending on the type and how long the condition has been present. Common signs include frequent urination, excessive thirst, hunger, and unexplained weight loss. Some people may experience blurred vision, fatigue, and slow-healing wounds. In the case of Type 1 diabetes, symptoms often develop rapidly, while Type 2 diabetes symptoms may be more subtle and develop over time. Because the early symptoms may not always be noticeable, it is important to get regular check-ups, especially if you are at risk for diabetes. Uncontrolled diabetes can lead to serious complications, so timely diagnosis and treatment are essential."
How is diabetes diagnosed?,"Diabetes is diagnosed through various blood tests. The fasting blood glucose test measures blood sugar levels after an overnight fast, while the oral glucose tolerance test checks how well the body processes sugar after consuming a sugary drink. The HbA1c test, which reflects the average blood sugar levels over the past 2-3 months, is also commonly used to diagnose and monitor diabetes. An HbA1c level of 6.5% or higher is typically indicative of diabetes. A diagnosis may also involve checking for other conditions associated with diabetes, such as high blood pressure or cholesterol imbalances. Early detection allows for better management and prevention of complications."
What is the role of insulin in diabetes?,"Insulin is a hormone produced by the pancreas that helps regulate blood sugar levels by allowing glucose to enter cells for energy. In people with diabetes, either the body does not produce enough insulin (Type 1 diabetes) or the body’s cells do not respond effectively to insulin (Type 2 diabetes). As a result, glucose accumulates in the bloodstream, leading to high blood sugar. Insulin therapy, typically in the form of injections or an insulin pump, helps to lower blood sugar levels and mimic the body’s natural insulin production. Insulin is a crucial part of managing diabetes, particularly for those with Type 1, and can also be used in Type 2 when lifestyle changes and oral medications are not sufficient."
What are the treatment options for type 1 diabetes?,"For people with Type 1 diabetes, treatment primarily involves lifelong insulin therapy to manage blood sugar levels. Insulin can be administered through injections or via an insulin pump. In addition to insulin, individuals with Type 1 diabetes must closely monitor their blood sugar levels throughout the day, maintain a healthy diet, and engage in regular physical activity to help manage their condition. People with Type 1 diabetes also need to be vigilant about potential complications, such as diabetic ketoacidosis, and should regularly consult with their healthcare providers to adjust their treatment plan as needed."
What are the treatment options for type 2 diabetes?,"For Type 2 diabetes, treatment typically starts with lifestyle modifications such as a balanced diet, regular exercise, and weight management. If lifestyle changes are not sufficient, oral medications such as metformin may be prescribed to help regulate blood sugar levels. In some cases, individuals with Type 2 diabetes may require insulin therapy or other injectable medications to improve insulin sensitivity. For those with severe Type 2 diabetes or obesity, bariatric surgery may be considered to help improve blood sugar control. The goal of treatment is to achieve normal blood sugar levels and prevent complications such as heart disease, kidney damage, or nerve damage."
How can I manage my blood sugar levels?,"Managing blood sugar levels is essential for diabetes control. The key factors in blood sugar management include regular monitoring, taking prescribed medications, following a healthy diet, exercising regularly, and managing stress. Monitoring your blood sugar levels allows you to understand how food, exercise, and medications affect your glucose. A balanced diet rich in fiber, lean proteins, and healthy fats can help regulate blood sugar. Exercise increases insulin sensitivity, which helps control blood sugar levels. Stress management techniques, such as yoga and relaxation exercises, are also important for maintaining stable blood sugar. Regular doctor visits are essential to adjust treatment plans as needed."
What is a healthy diet for someone with diabetes?,"A healthy diet for people with diabetes focuses on foods that help regulate blood sugar levels and promote overall health. This includes consuming whole grains, vegetables, lean proteins, and healthy fats while limiting foods with a high glycemic index, such as refined sugars and processed foods. Eating smaller, more frequent meals can also help maintain steady blood sugar levels throughout the day. Carbohydrate counting is a common practice for those with diabetes, as carbohydrates have a direct impact on blood sugar. It is important to work with a dietitian to develop a meal plan that meets individual needs and preferences while promoting blood sugar control."
How often should I check my blood sugar levels?,"Blood sugar monitoring is essential for people with diabetes to understand how their body responds to different foods, activities, and medications. The frequency of testing depends on the type of diabetes and treatment plan. For individuals with Type 1 diabetes or those on insulin, blood sugar may need to be tested multiple times per day, including before and after meals or exercise. For Type 2 diabetes, the frequency of testing may vary based on medication use and blood sugar control. A healthcare provider can provide personalized recommendations for how often to check blood sugar levels, ensuring that levels remain within the target range to prevent complications."
